{"cameraMode":{"drawMode":0,"name":"Shaded","section":"Shading Mode"},"sceneLighting":false,"audioPlay":false,"sceneViewState":{"showFog":true,"showMaterialUpdate":false,"showSkybox":false,"showFlares":true,"showImageEffects":true,"showParticleSystems":true},"in2DMode":false,"pivot":{"x":0.007386699318885803,"y":0.19753220677375794,"z":0.3710435628890991},"rotation":{"x":-0.007796974387019873,"y":-0.056371770799160007,"z":0.0004396150470711291,"w":-0.9983810782432556},"size":0.6866025924682617,"orthographic":false}