{"cameraMode":{"drawMode":0,"name":"Shaded","section":"Shading Mode"},"sceneLighting":false,"audioPlay":false,"sceneViewState":{"showFog":true,"showMaterialUpdate":false,"showSkybox":false,"showFlares":true,"showImageEffects":true,"showParticleSystems":true},"in2DMode":false,"pivot":{"x":0.21842682361602784,"y":1.1328275203704835,"z":10.702378273010254},"rotation":{"x":-0.1571364849805832,"y":0.01540260948240757,"z":-0.0024511481169611217,"w":-0.9874544143676758},"size":2.0289218425750734,"orthographic":false}